{"cameraMode":{"drawMode":0,"name":"Shaded","section":"Shading Mode"},"sceneLighting":false,"audioPlay":false,"sceneViewState":{"showFog":true,"showMaterialUpdate":false,"showSkybox":false,"showFlares":true,"showImageEffects":true,"showParticleSystems":true},"in2DMode":false,"pivot":{"x":0.0014551877975463868,"y":1.0187660455703736,"z":0.0016021579504013062},"rotation":{"x":-0.012423044070601464,"y":-0.5837467312812805,"z":0.008946928195655346,"w":-0.8118204474449158},"size":0.8660283088684082,"orthographic":false}