{"cameraMode":{"drawMode":0,"name":"Shaded","section":"Shading Mode"},"sceneLighting":true,"audioPlay":false,"sceneViewState":{"showFog":true,"showMaterialUpdate":true,"showSkybox":true,"showFlares":true,"showImageEffects":true,"showParticleSystems":true},"in2DMode":false,"pivot":{"x":-0.024068683385849,"y":0.7598751783370972,"z":0.0018511534435674549},"rotation":{"x":-0.0035596799571067096,"y":0.9896048903465271,"z":-0.14229252934455872,"w":-0.02405998483300209},"size":1.8517217636108399,"orthographic":false}